split,day,sequence_start_global_position,sequence_end_global_position,target_global_position,target_attack_status
train,Monday,1,10,11,0
train,Monday,2,11,12,0
train,Monday,3,12,13,0
train,Monday,4,13,14,0
train,Monday,5,14,15,0
train,Monday,6,15,16,0
train,Monday,7,16,17,0
train,Monday,8,17,18,0
train,Monday,9,18,19,0
train,Monday,10,19,20,0
train,Monday,11,20,21,0
train,Monday,12,21,22,0
train,Monday,13,22,23,0
train,Monday,14,23,24,0
train,Monday,15,24,25,0
train,Monday,16,25,26,0
train,Monday,17,26,27,0
train,Monday,18,27,28,0
train,Monday,19,28,29,0
train,Monday,20,29,30,0
train,Monday,21,30,31,0
train,Monday,22,31,32,0
train,Monday,23,32,33,0
train,Monday,24,33,34,0
train,Monday,25,34,35,0
train,Monday,26,35,36,0
train,Monday,27,36,37,0
train,Monday,28,37,38,0
train,Monday,29,38,39,0
train,Monday,30,39,40,0
train,Monday,31,40,41,0
train,Monday,32,41,42,0
train,Monday,33,42,43,0
train,Monday,34,43,44,0
train,Monday,35,44,45,0
train,Monday,36,45,46,0
train,Monday,37,46,47,0
train,Monday,38,47,48,0
train,Monday,39,48,49,0
train,Monday,40,49,50,0
train,Monday,41,50,51,0
train,Monday,42,51,52,0
train,Monday,43,52,53,0
train,Monday,44,53,54,0
train,Monday,45,54,55,0
train,Monday,46,55,56,0
train,Monday,47,56,57,0
train,Monday,48,57,58,0
train,Monday,49,58,59,0
train,Monday,50,59,60,0
train,Monday,51,60,61,0
train,Monday,52,61,62,0
train,Monday,53,62,63,0
train,Monday,54,63,64,0
train,Monday,55,64,65,0
train,Monday,56,65,66,0
train,Monday,57,66,67,0
train,Monday,58,67,68,0
train,Monday,59,68,69,0
train,Monday,60,69,70,0
train,Monday,61,70,71,0
train,Monday,62,71,72,0
train,Monday,63,72,73,0
train,Monday,64,73,74,0
train,Monday,65,74,75,0
train,Monday,66,75,76,0
train,Monday,67,76,77,0
train,Monday,68,77,78,0
train,Monday,69,78,79,0
train,Monday,70,79,80,0
train,Monday,71,80,81,0
train,Monday,72,81,82,0
train,Monday,73,82,83,0
train,Monday,74,83,84,0
train,Monday,75,84,85,0
train,Monday,76,85,86,0
train,Monday,77,86,87,0
train,Monday,78,87,88,0
train,Monday,79,88,89,0
train,Monday,80,89,90,0
train,Monday,81,90,91,0
train,Monday,82,91,92,0
train,Monday,83,92,93,0
train,Monday,84,93,94,0
train,Monday,85,94,95,0
train,Monday,86,95,96,0
train,Monday,87,96,97,0
train,Monday,88,97,98,0
train,Monday,89,98,99,0
train,Monday,90,99,100,0
train,Monday,91,100,101,0
train,Monday,92,101,102,0
train,Monday,93,102,103,0
train,Monday,94,103,104,0
train,Monday,95,104,105,0
train,Monday,96,105,106,0
train,Monday,97,106,107,0
train,Monday,98,107,108,0
train,Monday,99,108,109,0
train,Monday,100,109,110,0
train,Monday,101,110,111,0
train,Monday,102,111,112,0
train,Monday,103,112,113,0
train,Monday,104,113,114,0
train,Monday,105,114,115,0
train,Monday,106,115,116,0
train,Monday,107,116,117,0
train,Monday,108,117,118,0
train,Monday,109,118,119,0
train,Monday,110,119,120,0
train,Monday,111,120,121,0
train,Monday,112,121,122,0
train,Monday,113,122,123,0
train,Monday,114,123,124,0
train,Monday,115,124,125,0
train,Monday,116,125,126,0
train,Monday,117,126,127,0
train,Monday,118,127,128,0
train,Monday,119,128,129,0
train,Monday,120,129,130,0
train,Monday,121,130,131,0
train,Monday,122,131,132,0
train,Monday,123,132,133,0
train,Monday,124,133,134,0
train,Monday,125,134,135,0
train,Monday,126,135,136,0
train,Monday,127,136,137,0
train,Monday,128,137,138,0
train,Monday,129,138,139,0
train,Monday,130,139,140,0
train,Monday,131,140,141,0
train,Monday,132,141,142,0
train,Monday,133,142,143,0
train,Monday,134,143,144,0
train,Monday,135,144,145,0
train,Monday,136,145,146,0
train,Monday,137,146,147,0
train,Monday,138,147,148,0
train,Monday,139,148,149,0
train,Monday,140,149,150,0
train,Monday,141,150,151,0
train,Monday,142,151,152,0
train,Monday,143,152,153,0
train,Monday,144,153,154,0
train,Monday,145,154,155,0
train,Monday,146,155,156,0
train,Monday,147,156,157,0
train,Monday,148,157,158,0
train,Monday,149,158,159,0
train,Monday,150,159,160,0
train,Monday,151,160,161,0
train,Monday,152,161,162,0
train,Monday,153,162,163,0
train,Monday,154,163,164,0
train,Monday,155,164,165,0
train,Monday,156,165,166,0
train,Monday,157,166,167,0
train,Monday,158,167,168,0
train,Monday,159,168,169,0
train,Monday,160,169,170,0
train,Monday,161,170,171,0
train,Monday,162,171,172,0
train,Monday,163,172,173,0
train,Monday,164,173,174,0
train,Monday,165,174,175,0
train,Monday,166,175,176,0
train,Monday,167,176,177,0
train,Monday,168,177,178,0
train,Monday,169,178,179,0
train,Monday,170,179,180,0
train,Monday,171,180,181,0
train,Monday,172,181,182,0
train,Monday,173,182,183,0
train,Monday,174,183,184,0
train,Monday,175,184,185,0
train,Monday,176,185,186,0
train,Monday,177,186,187,0
train,Monday,178,187,188,0
train,Monday,179,188,189,0
train,Monday,180,189,190,0
train,Monday,181,190,191,0
train,Monday,182,191,192,0
train,Monday,183,192,193,0
train,Monday,184,193,194,0
train,Monday,185,194,195,0
train,Monday,186,195,196,0
train,Monday,187,196,197,0
train,Monday,188,197,198,0
train,Monday,189,198,199,0
train,Monday,190,199,200,0
train,Monday,191,200,201,0
train,Monday,192,201,202,0
train,Monday,193,202,203,0
train,Monday,194,203,204,0
train,Monday,195,204,205,0
train,Monday,196,205,206,0
train,Monday,197,206,207,0
train,Monday,198,207,208,0
train,Monday,199,208,209,0
train,Monday,200,209,210,0
train,Monday,201,210,211,0
train,Monday,202,211,212,0
train,Monday,203,212,213,0
train,Monday,204,213,214,0
train,Monday,205,214,215,0
train,Monday,206,215,216,0
train,Monday,207,216,217,0
train,Monday,208,217,218,0
train,Monday,209,218,219,0
train,Monday,210,219,220,0
train,Monday,211,220,221,0
train,Monday,212,221,222,0
train,Monday,213,222,223,0
train,Monday,214,223,224,0
train,Monday,215,224,225,0
train,Monday,216,225,226,0
train,Monday,217,226,227,0
train,Monday,218,227,228,0
train,Monday,219,228,229,0
train,Monday,220,229,230,0
train,Monday,221,230,231,0
train,Monday,222,231,232,0
train,Monday,223,232,233,0
train,Monday,224,233,234,0
train,Monday,225,234,235,0
train,Monday,226,235,236,0
train,Monday,227,236,237,0
train,Monday,228,237,238,0
train,Monday,229,238,239,0
train,Monday,230,239,240,0
train,Monday,231,240,241,0
train,Monday,232,241,242,0
train,Monday,233,242,243,0
train,Monday,234,243,244,0
train,Monday,235,244,245,0
train,Monday,236,245,246,0
train,Monday,237,246,247,0
train,Monday,238,247,248,0
train,Monday,239,248,249,0
train,Monday,240,249,250,0
train,Monday,241,250,251,0
train,Monday,242,251,252,0
train,Monday,243,252,253,0
train,Monday,244,253,254,0
train,Monday,245,254,255,0
train,Monday,246,255,256,0
train,Monday,247,256,257,0
train,Monday,248,257,258,0
train,Monday,249,258,259,0
train,Monday,250,259,260,0
train,Monday,251,260,261,0
train,Monday,252,261,262,0
train,Monday,253,262,263,0
train,Monday,254,263,264,0
train,Monday,255,264,265,0
train,Monday,256,265,266,0
train,Monday,257,266,267,0
train,Monday,258,267,268,0
train,Monday,259,268,269,0
train,Monday,260,269,270,0
train,Monday,261,270,271,0
train,Monday,262,271,272,0
train,Monday,263,272,273,0
train,Monday,264,273,274,0
train,Monday,265,274,275,0
train,Monday,266,275,276,0
train,Monday,267,276,277,0
train,Monday,268,277,278,0
train,Monday,269,278,279,0
train,Monday,270,279,280,0
train,Monday,271,280,281,0
train,Monday,272,281,282,0
train,Monday,273,282,283,0
train,Monday,274,283,284,0
train,Monday,275,284,285,0
train,Monday,276,285,286,0
train,Monday,277,286,287,0
train,Monday,278,287,288,0
train,Monday,279,288,289,0
train,Monday,280,289,290,0
train,Monday,281,290,291,0
train,Monday,282,291,292,0
train,Monday,283,292,293,0
train,Monday,284,293,294,0
train,Monday,285,294,295,0
train,Monday,286,295,296,0
train,Monday,287,296,297,0
train,Monday,288,297,298,0
train,Monday,289,298,299,0
train,Monday,290,299,300,0
train,Monday,291,300,301,0
train,Monday,292,301,302,0
train,Monday,293,302,303,0
train,Monday,294,303,304,0
train,Monday,295,304,305,0
train,Monday,296,305,306,0
train,Monday,297,306,307,0
train,Monday,298,307,308,0
train,Monday,299,308,309,0
train,Monday,300,309,310,0
train,Monday,301,310,311,0
train,Monday,302,311,312,0
train,Monday,303,312,313,0
train,Monday,304,313,314,0
train,Monday,305,314,315,0
train,Monday,306,315,316,0
train,Monday,307,316,317,0
train,Monday,308,317,318,0
train,Monday,309,318,319,0
train,Monday,310,319,320,0
train,Monday,311,320,321,0
train,Monday,312,321,322,0
train,Monday,313,322,323,0
train,Monday,314,323,324,0
train,Monday,315,324,325,0
train,Monday,316,325,326,0
train,Monday,317,326,327,0
train,Monday,318,327,328,0
train,Monday,319,328,329,0
train,Monday,320,329,330,0
train,Monday,321,330,331,0
train,Monday,322,331,332,0
train,Monday,323,332,333,0
train,Monday,324,333,334,0
train,Monday,325,334,335,0
train,Monday,326,335,336,0
train,Monday,327,336,337,0
train,Monday,328,337,338,0
train,Monday,329,338,339,0
train,Monday,330,339,340,0
train,Monday,331,340,341,0
train,Tuesday,488,497,498,0
train,Tuesday,489,498,499,0
train,Tuesday,490,499,500,0
train,Tuesday,491,500,501,0
train,Tuesday,492,501,502,0
train,Tuesday,493,502,503,0
train,Tuesday,494,503,504,0
train,Tuesday,495,504,505,0
train,Tuesday,496,505,506,0
train,Tuesday,497,506,507,0
train,Tuesday,498,507,508,0
train,Tuesday,499,508,509,0
train,Tuesday,500,509,510,0
train,Tuesday,501,510,511,0
train,Tuesday,502,511,512,1
train,Tuesday,503,512,513,0
train,Tuesday,504,513,514,1
train,Tuesday,505,514,515,1
train,Tuesday,506,515,516,1
train,Tuesday,507,516,517,1
train,Tuesday,508,517,518,1
train,Tuesday,509,518,519,1
train,Tuesday,510,519,520,1
train,Tuesday,511,520,521,1
train,Tuesday,512,521,522,1
train,Tuesday,513,522,523,1
train,Tuesday,514,523,524,1
train,Tuesday,515,524,525,1
train,Tuesday,516,525,526,1
train,Tuesday,517,526,527,1
train,Tuesday,518,527,528,1
train,Tuesday,519,528,529,1
train,Tuesday,520,529,530,1
train,Tuesday,521,530,531,1
train,Tuesday,522,531,532,1
train,Tuesday,523,532,533,1
train,Tuesday,524,533,534,1
train,Tuesday,525,534,535,1
train,Tuesday,526,535,536,1
train,Tuesday,527,536,537,1
train,Tuesday,528,537,538,1
train,Tuesday,529,538,539,1
train,Tuesday,530,539,540,1
train,Tuesday,531,540,541,1
train,Tuesday,532,541,542,1
train,Tuesday,533,542,543,1
train,Tuesday,534,543,544,1
train,Tuesday,535,544,545,1
train,Tuesday,536,545,546,1
train,Tuesday,537,546,547,1
train,Tuesday,538,547,548,1
train,Tuesday,539,548,549,1
train,Tuesday,540,549,550,1
train,Tuesday,541,550,551,1
train,Tuesday,542,551,552,1
train,Tuesday,543,552,553,1
train,Tuesday,544,553,554,1
train,Tuesday,545,554,555,1
train,Tuesday,546,555,556,1
train,Tuesday,547,556,557,1
train,Tuesday,548,557,558,1
train,Tuesday,549,558,559,1
train,Tuesday,550,559,560,1
train,Tuesday,551,560,561,1
train,Tuesday,552,561,562,1
train,Tuesday,553,562,563,1
train,Tuesday,554,563,564,1
train,Tuesday,555,564,565,1
train,Tuesday,556,565,566,1
train,Tuesday,557,566,567,1
train,Tuesday,558,567,568,1
train,Tuesday,559,568,569,1
train,Tuesday,560,569,570,1
train,Tuesday,561,570,571,1
train,Tuesday,562,571,572,1
train,Tuesday,563,572,573,1
train,Tuesday,564,573,574,1
train,Tuesday,565,574,575,1
train,Tuesday,566,575,576,0
train,Tuesday,567,576,577,0
train,Tuesday,568,577,578,0
train,Tuesday,569,578,579,0
train,Tuesday,570,579,580,0
train,Tuesday,571,580,581,0
train,Tuesday,572,581,582,0
train,Tuesday,573,582,583,0
train,Tuesday,574,583,584,0
train,Tuesday,575,584,585,0
train,Tuesday,576,585,586,0
train,Tuesday,577,586,587,0
train,Tuesday,578,587,588,0
train,Tuesday,579,588,589,0
train,Tuesday,580,589,590,0
train,Tuesday,581,590,591,0
train,Tuesday,582,591,592,0
train,Tuesday,583,592,593,0
train,Tuesday,584,593,594,0
train,Tuesday,585,594,595,0
train,Tuesday,586,595,596,0
train,Tuesday,587,596,597,0
train,Tuesday,588,597,598,0
train,Tuesday,589,598,599,0
train,Tuesday,590,599,600,0
train,Tuesday,591,600,601,0
train,Tuesday,592,601,602,0
train,Tuesday,593,602,603,0
train,Tuesday,594,603,604,0
train,Tuesday,595,604,605,0
train,Tuesday,596,605,606,0
train,Tuesday,597,606,607,0
train,Tuesday,598,607,608,0
train,Tuesday,599,608,609,0
train,Tuesday,600,609,610,0
train,Tuesday,601,610,611,0
train,Tuesday,602,611,612,0
train,Tuesday,603,612,613,0
train,Tuesday,604,613,614,0
train,Tuesday,605,614,615,0
train,Tuesday,606,615,616,0
train,Tuesday,607,616,617,0
train,Tuesday,608,617,618,0
train,Tuesday,609,618,619,0
train,Tuesday,610,619,620,0
train,Tuesday,611,620,621,0
train,Tuesday,612,621,622,0
train,Tuesday,613,622,623,0
train,Tuesday,614,623,624,0
train,Tuesday,615,624,625,0
train,Tuesday,616,625,626,0
train,Tuesday,617,626,627,0
train,Tuesday,618,627,628,0
train,Tuesday,619,628,629,0
train,Tuesday,620,629,630,0
train,Tuesday,621,630,631,0
train,Tuesday,622,631,632,0
train,Tuesday,623,632,633,0
train,Tuesday,624,633,634,0
train,Tuesday,625,634,635,0
train,Tuesday,626,635,636,0
train,Tuesday,627,636,637,0
train,Tuesday,628,637,638,0
train,Tuesday,629,638,639,0
train,Tuesday,630,639,640,0
train,Tuesday,631,640,641,0
train,Tuesday,632,641,642,0
train,Tuesday,633,642,643,0
train,Tuesday,634,643,644,0
train,Tuesday,635,644,645,0
train,Tuesday,636,645,646,0
train,Tuesday,637,646,647,0
train,Tuesday,638,647,648,0
train,Tuesday,639,648,649,0
train,Tuesday,640,649,650,0
train,Tuesday,641,650,651,0
train,Tuesday,642,651,652,0
train,Tuesday,643,652,653,0
train,Tuesday,644,653,654,0
train,Tuesday,645,654,655,0
train,Tuesday,646,655,656,0
train,Tuesday,647,656,657,0
train,Tuesday,648,657,658,0
train,Tuesday,649,658,659,0
train,Tuesday,650,659,660,0
train,Tuesday,651,660,661,0
train,Tuesday,652,661,662,0
train,Tuesday,653,662,663,0
train,Tuesday,654,663,664,0
train,Tuesday,655,664,665,0
train,Tuesday,656,665,666,0
train,Tuesday,657,666,667,0
train,Tuesday,658,667,668,0
train,Tuesday,659,668,669,0
train,Tuesday,660,669,670,0
train,Tuesday,661,670,671,0
train,Tuesday,662,671,672,0
train,Tuesday,663,672,673,0
train,Tuesday,664,673,674,0
train,Tuesday,665,674,675,0
train,Tuesday,666,675,676,0
train,Tuesday,667,676,677,0
train,Tuesday,668,677,678,0
train,Tuesday,669,678,679,0
train,Tuesday,670,679,680,0
train,Tuesday,671,680,681,0
train,Tuesday,672,681,682,0
train,Tuesday,673,682,683,0
train,Tuesday,674,683,684,0
train,Tuesday,675,684,685,0
train,Tuesday,676,685,686,0
train,Tuesday,677,686,687,0
train,Tuesday,678,687,688,0
train,Tuesday,679,688,689,0
train,Tuesday,680,689,690,0
train,Tuesday,681,690,691,0
train,Tuesday,682,691,692,0
train,Tuesday,683,692,693,0
train,Tuesday,684,693,694,0
train,Tuesday,685,694,695,0
train,Tuesday,686,695,696,0
train,Tuesday,687,696,697,0
train,Tuesday,688,697,698,0
train,Tuesday,689,698,699,0
train,Tuesday,690,699,700,0
train,Tuesday,691,700,701,0
train,Tuesday,692,701,702,0
train,Tuesday,693,702,703,0
train,Tuesday,694,703,704,0
train,Tuesday,695,704,705,0
train,Tuesday,696,705,706,0
train,Tuesday,697,706,707,0
train,Tuesday,698,707,708,0
train,Tuesday,699,708,709,0
train,Tuesday,700,709,710,0
train,Tuesday,701,710,711,0
train,Tuesday,702,711,712,0
train,Tuesday,703,712,713,0
train,Tuesday,704,713,714,0
train,Tuesday,705,714,715,0
train,Tuesday,706,715,716,0
train,Tuesday,707,716,717,0
train,Tuesday,708,717,718,0
train,Tuesday,709,718,719,0
train,Tuesday,710,719,720,0
train,Tuesday,711,720,721,0
train,Tuesday,712,721,722,0
train,Tuesday,713,722,723,0
train,Tuesday,714,723,724,0
train,Tuesday,715,724,725,0
train,Tuesday,716,725,726,0
train,Tuesday,717,726,727,0
train,Tuesday,718,727,728,0
train,Tuesday,719,728,729,0
train,Tuesday,720,729,730,0
train,Tuesday,721,730,731,0
train,Tuesday,722,731,732,0
train,Tuesday,723,732,733,0
train,Tuesday,724,733,734,0
train,Tuesday,725,734,735,0
train,Tuesday,726,735,736,0
train,Tuesday,727,736,737,0
train,Tuesday,728,737,738,0
train,Tuesday,729,738,739,0
train,Tuesday,730,739,740,0
train,Tuesday,731,740,741,0
train,Tuesday,732,741,742,0
train,Tuesday,733,742,743,0
train,Tuesday,734,743,744,0
train,Tuesday,735,744,745,0
train,Tuesday,736,745,746,0
train,Tuesday,737,746,747,0
train,Tuesday,738,747,748,0
train,Tuesday,739,748,749,0
train,Tuesday,740,749,750,0
train,Tuesday,741,750,751,0
train,Tuesday,742,751,752,0
train,Tuesday,743,752,753,0
train,Tuesday,744,753,754,0
train,Tuesday,745,754,755,0
train,Tuesday,746,755,756,0
train,Tuesday,747,756,757,0
train,Tuesday,748,757,758,0
train,Tuesday,749,758,759,0
train,Tuesday,750,759,760,0
train,Tuesday,751,760,761,0
train,Tuesday,752,761,762,0
train,Tuesday,753,762,763,0
train,Tuesday,754,763,764,0
train,Tuesday,755,764,765,0
train,Tuesday,756,765,766,0
train,Tuesday,757,766,767,0
train,Tuesday,758,767,768,0
train,Tuesday,759,768,769,0
train,Tuesday,760,769,770,0
train,Tuesday,761,770,771,0
train,Tuesday,762,771,772,0
train,Tuesday,763,772,773,0
train,Tuesday,764,773,774,0
train,Tuesday,765,774,775,0
train,Tuesday,766,775,776,0
train,Tuesday,767,776,777,0
train,Tuesday,768,777,778,0
train,Tuesday,769,778,779,0
train,Tuesday,770,779,780,0
train,Tuesday,771,780,781,0
train,Tuesday,772,781,782,0
train,Tuesday,773,782,783,0
train,Tuesday,774,783,784,0
train,Tuesday,775,784,785,0
train,Tuesday,776,785,786,0
train,Tuesday,777,786,787,0
train,Tuesday,778,787,788,0
train,Tuesday,779,788,789,0
train,Tuesday,780,789,790,0
train,Tuesday,781,790,791,0
train,Tuesday,782,791,792,0
train,Tuesday,783,792,793,0
train,Wednesday,976,985,986,0
train,Wednesday,977,986,987,0
train,Wednesday,978,987,988,0
train,Wednesday,979,988,989,0
train,Wednesday,980,989,990,0
train,Wednesday,981,990,991,0
train,Wednesday,982,991,992,0
train,Wednesday,983,992,993,0
train,Wednesday,984,993,994,0
train,Wednesday,985,994,995,1
train,Wednesday,986,995,996,0
train,Wednesday,987,996,997,0
train,Wednesday,988,997,998,0
train,Wednesday,989,998,999,0
train,Wednesday,990,999,1000,0
train,Wednesday,991,1000,1001,0
train,Wednesday,992,1001,1002,0
train,Wednesday,993,1002,1003,0
train,Wednesday,994,1003,1004,0
train,Wednesday,995,1004,1005,0
train,Wednesday,996,1005,1006,0
train,Wednesday,997,1006,1007,0
train,Wednesday,998,1007,1008,0
train,Wednesday,999,1008,1009,0
train,Wednesday,1000,1009,1010,0
train,Wednesday,1001,1010,1011,0
train,Wednesday,1002,1011,1012,0
train,Wednesday,1003,1012,1013,0
train,Wednesday,1004,1013,1014,0
train,Wednesday,1005,1014,1015,0
train,Wednesday,1006,1015,1016,0
train,Wednesday,1007,1016,1017,0
train,Wednesday,1008,1017,1018,0
train,Wednesday,1009,1018,1019,0
train,Wednesday,1010,1019,1020,0
train,Wednesday,1011,1020,1021,0
train,Wednesday,1012,1021,1022,0
train,Wednesday,1013,1022,1023,0
train,Wednesday,1014,1023,1024,0
train,Wednesday,1015,1024,1025,0
train,Wednesday,1016,1025,1026,0
train,Wednesday,1017,1026,1027,0
train,Wednesday,1018,1027,1028,0
train,Wednesday,1019,1028,1029,0
train,Wednesday,1020,1029,1030,0
train,Wednesday,1021,1030,1031,0
train,Wednesday,1022,1031,1032,0
train,Wednesday,1023,1032,1033,0
train,Wednesday,1024,1033,1034,0
train,Wednesday,1025,1034,1035,0
train,Wednesday,1026,1035,1036,0
train,Wednesday,1027,1036,1037,0
train,Wednesday,1028,1037,1038,0
train,Wednesday,1029,1038,1039,0
train,Wednesday,1030,1039,1040,0
train,Wednesday,1031,1040,1041,0
train,Wednesday,1032,1041,1042,1
train,Wednesday,1033,1042,1043,1
train,Wednesday,1034,1043,1044,1
train,Wednesday,1035,1044,1045,1
train,Wednesday,1036,1045,1046,1
train,Wednesday,1037,1046,1047,1
train,Wednesday,1038,1047,1048,1
train,Wednesday,1039,1048,1049,1
train,Wednesday,1040,1049,1050,1
train,Wednesday,1041,1050,1051,1
train,Wednesday,1042,1051,1052,1
train,Wednesday,1043,1052,1053,1
train,Wednesday,1044,1053,1054,1
train,Wednesday,1045,1054,1055,1
train,Wednesday,1046,1055,1056,1
train,Wednesday,1047,1056,1057,1
train,Wednesday,1048,1057,1058,1
train,Wednesday,1049,1058,1059,1
train,Wednesday,1050,1059,1060,1
train,Wednesday,1051,1060,1061,1
train,Wednesday,1052,1061,1062,1
train,Wednesday,1053,1062,1063,1
train,Wednesday,1054,1063,1064,1
train,Wednesday,1055,1064,1065,0
train,Wednesday,1056,1065,1066,0
train,Wednesday,1057,1066,1067,0
train,Wednesday,1058,1067,1068,0
train,Wednesday,1059,1068,1069,1
train,Wednesday,1060,1069,1070,1
train,Wednesday,1061,1070,1071,1
train,Wednesday,1062,1071,1072,1
train,Wednesday,1063,1072,1073,1
train,Wednesday,1064,1073,1074,0
train,Wednesday,1065,1074,1075,0
train,Wednesday,1066,1075,1076,1
train,Wednesday,1067,1076,1077,1
train,Wednesday,1068,1077,1078,1
train,Wednesday,1069,1078,1079,1
train,Wednesday,1070,1079,1080,1
train,Wednesday,1071,1080,1081,1
train,Wednesday,1072,1081,1082,1
train,Wednesday,1073,1082,1083,1
train,Wednesday,1074,1083,1084,0
train,Wednesday,1075,1084,1085,0
train,Wednesday,1076,1085,1086,1
train,Wednesday,1077,1086,1087,1
train,Wednesday,1078,1087,1088,1
train,Wednesday,1079,1088,1089,1
train,Wednesday,1080,1089,1090,0
train,Wednesday,1081,1090,1091,1
train,Wednesday,1082,1091,1092,0
train,Wednesday,1083,1092,1093,0
train,Wednesday,1084,1093,1094,0
train,Wednesday,1085,1094,1095,0
train,Wednesday,1086,1095,1096,0
train,Wednesday,1087,1096,1097,1
train,Wednesday,1088,1097,1098,1
train,Wednesday,1089,1098,1099,1
train,Wednesday,1090,1099,1100,1
train,Wednesday,1091,1100,1101,1
train,Wednesday,1092,1101,1102,1
train,Wednesday,1093,1102,1103,1
train,Wednesday,1094,1103,1104,1
train,Wednesday,1095,1104,1105,1
train,Wednesday,1096,1105,1106,1
train,Wednesday,1097,1106,1107,1
train,Wednesday,1098,1107,1108,1
train,Wednesday,1099,1108,1109,1
train,Wednesday,1100,1109,1110,1
train,Wednesday,1101,1110,1111,1
train,Wednesday,1102,1111,1112,1
train,Wednesday,1103,1112,1113,1
train,Wednesday,1104,1113,1114,1
train,Wednesday,1105,1114,1115,1
train,Wednesday,1106,1115,1116,0
train,Wednesday,1107,1116,1117,0
train,Wednesday,1108,1117,1118,0
train,Wednesday,1109,1118,1119,0
train,Wednesday,1110,1119,1120,1
train,Wednesday,1111,1120,1121,1
train,Wednesday,1112,1121,1122,0
train,Wednesday,1113,1122,1123,0
train,Wednesday,1114,1123,1124,1
train,Wednesday,1115,1124,1125,1
train,Wednesday,1116,1125,1126,1
train,Wednesday,1117,1126,1127,1
train,Wednesday,1118,1127,1128,1
train,Wednesday,1119,1128,1129,0
train,Wednesday,1120,1129,1130,0
train,Wednesday,1121,1130,1131,1
train,Wednesday,1122,1131,1132,1
train,Wednesday,1123,1132,1133,1
train,Wednesday,1124,1133,1134,0
train,Wednesday,1125,1134,1135,0
train,Wednesday,1126,1135,1136,0
train,Wednesday,1127,1136,1137,0
train,Wednesday,1128,1137,1138,0
train,Wednesday,1129,1138,1139,0
train,Wednesday,1130,1139,1140,0
train,Wednesday,1131,1140,1141,0
train,Wednesday,1132,1141,1142,0
train,Wednesday,1133,1142,1143,0
train,Wednesday,1134,1143,1144,0
train,Wednesday,1135,1144,1145,0
train,Wednesday,1136,1145,1146,0
train,Wednesday,1137,1146,1147,0
train,Wednesday,1138,1147,1148,0
train,Wednesday,1139,1148,1149,0
train,Wednesday,1140,1149,1150,0
train,Wednesday,1141,1150,1151,0
train,Wednesday,1142,1151,1152,0
train,Wednesday,1143,1152,1153,0
train,Wednesday,1144,1153,1154,0
train,Wednesday,1145,1154,1155,0
train,Wednesday,1146,1155,1156,0
train,Wednesday,1147,1156,1157,0
train,Wednesday,1148,1157,1158,0
train,Wednesday,1149,1158,1159,0
train,Wednesday,1150,1159,1160,0
train,Wednesday,1151,1160,1161,0
train,Wednesday,1152,1161,1162,0
train,Wednesday,1153,1162,1163,0
train,Wednesday,1154,1163,1164,0
train,Wednesday,1155,1164,1165,0
train,Wednesday,1156,1165,1166,0
train,Wednesday,1157,1166,1167,0
train,Wednesday,1158,1167,1168,0
train,Wednesday,1159,1168,1169,0
train,Wednesday,1160,1169,1170,0
train,Wednesday,1161,1170,1171,0
train,Wednesday,1162,1171,1172,0
train,Wednesday,1163,1172,1173,0
train,Wednesday,1164,1173,1174,0
train,Wednesday,1165,1174,1175,0
train,Wednesday,1166,1175,1176,0
train,Wednesday,1167,1176,1177,0
train,Wednesday,1168,1177,1178,0
train,Wednesday,1169,1178,1179,0
train,Wednesday,1170,1179,1180,0
train,Wednesday,1171,1180,1181,0
train,Wednesday,1172,1181,1182,0
train,Wednesday,1173,1182,1183,0
train,Wednesday,1174,1183,1184,0
train,Wednesday,1175,1184,1185,0
train,Wednesday,1176,1185,1186,0
train,Wednesday,1177,1186,1187,0
train,Wednesday,1178,1187,1188,0
train,Wednesday,1179,1188,1189,0
train,Wednesday,1180,1189,1190,0
train,Wednesday,1181,1190,1191,0
train,Wednesday,1182,1191,1192,0
train,Wednesday,1183,1192,1193,0
train,Wednesday,1184,1193,1194,0
train,Wednesday,1185,1194,1195,0
train,Wednesday,1186,1195,1196,0
train,Wednesday,1187,1196,1197,0
train,Wednesday,1188,1197,1198,0
train,Wednesday,1189,1198,1199,0
train,Wednesday,1190,1199,1200,0
train,Wednesday,1191,1200,1201,0
train,Wednesday,1192,1201,1202,0
train,Wednesday,1193,1202,1203,0
train,Wednesday,1194,1203,1204,0
train,Wednesday,1195,1204,1205,0
train,Wednesday,1196,1205,1206,0
train,Wednesday,1197,1206,1207,0
train,Wednesday,1198,1207,1208,0
train,Wednesday,1199,1208,1209,0
train,Wednesday,1200,1209,1210,0
train,Wednesday,1201,1210,1211,0
train,Wednesday,1202,1211,1212,0
train,Wednesday,1203,1212,1213,0
train,Wednesday,1204,1213,1214,0
train,Wednesday,1205,1214,1215,0
train,Wednesday,1206,1215,1216,0
train,Wednesday,1207,1216,1217,0
train,Wednesday,1208,1217,1218,0
train,Wednesday,1209,1218,1219,0
train,Wednesday,1210,1219,1220,0
train,Wednesday,1211,1220,1221,0
train,Wednesday,1212,1221,1222,0
train,Wednesday,1213,1222,1223,0
train,Wednesday,1214,1223,1224,0
train,Wednesday,1215,1224,1225,0
train,Wednesday,1216,1225,1226,0
train,Wednesday,1217,1226,1227,0
train,Wednesday,1218,1227,1228,0
train,Wednesday,1219,1228,1229,0
train,Wednesday,1220,1229,1230,0
train,Wednesday,1221,1230,1231,0
train,Wednesday,1222,1231,1232,0
train,Wednesday,1223,1232,1233,0
train,Wednesday,1224,1233,1234,0
train,Wednesday,1225,1234,1235,0
train,Wednesday,1226,1235,1236,0
train,Wednesday,1227,1236,1237,0
train,Wednesday,1228,1237,1238,0
train,Wednesday,1229,1238,1239,0
train,Wednesday,1230,1239,1240,0
train,Wednesday,1231,1240,1241,0
train,Wednesday,1232,1241,1242,0
train,Wednesday,1233,1242,1243,0
train,Wednesday,1234,1243,1244,0
train,Wednesday,1235,1244,1245,0
train,Wednesday,1236,1245,1246,0
train,Wednesday,1237,1246,1247,0
train,Wednesday,1238,1247,1248,0
train,Wednesday,1239,1248,1249,0
train,Wednesday,1240,1249,1250,0
train,Wednesday,1241,1250,1251,0
train,Wednesday,1242,1251,1252,0
train,Wednesday,1243,1252,1253,0
train,Wednesday,1244,1253,1254,0
train,Wednesday,1245,1254,1255,0
train,Wednesday,1246,1255,1256,0
train,Wednesday,1247,1256,1257,0
train,Wednesday,1248,1257,1258,0
train,Wednesday,1249,1258,1259,0
train,Wednesday,1250,1259,1260,0
train,Wednesday,1251,1260,1261,0
train,Wednesday,1252,1261,1262,0
train,Wednesday,1253,1262,1263,0
train,Wednesday,1254,1263,1264,0
train,Wednesday,1255,1264,1265,0
train,Wednesday,1256,1265,1266,0
train,Wednesday,1257,1266,1267,0
train,Wednesday,1258,1267,1268,0
train,Wednesday,1259,1268,1269,0
train,Wednesday,1260,1269,1270,0
train,Wednesday,1261,1270,1271,0
train,Wednesday,1262,1271,1272,0
train,Wednesday,1263,1272,1273,0
train,Wednesday,1264,1273,1274,0
train,Wednesday,1265,1274,1275,0
train,Wednesday,1266,1275,1276,0
train,Wednesday,1267,1276,1277,0
train,Wednesday,1268,1277,1278,0
train,Wednesday,1269,1278,1279,0
train,Wednesday,1270,1279,1280,0
train,Wednesday,1271,1280,1281,0
train,Wednesday,1272,1281,1282,0
train,Wednesday,1273,1282,1283,0
train,Wednesday,1274,1283,1284,0
train,Wednesday,1275,1284,1285,0
train,Wednesday,1276,1285,1286,0
train,Wednesday,1277,1286,1287,0
train,Wednesday,1278,1287,1288,0
train,Wednesday,1279,1288,1289,0
train,Wednesday,1280,1289,1290,0
train,Wednesday,1281,1290,1291,0
train,Wednesday,1282,1291,1292,0
train,Wednesday,1283,1292,1293,0
train,Wednesday,1284,1293,1294,0
train,Wednesday,1285,1294,1295,0
train,Wednesday,1286,1295,1296,0
train,Wednesday,1287,1296,1297,0
train,Wednesday,1288,1297,1298,0
train,Wednesday,1289,1298,1299,0
train,Wednesday,1290,1299,1300,0
train,Wednesday,1291,1300,1301,0
train,Wednesday,1292,1301,1302,0
train,Wednesday,1293,1302,1303,0
train,Wednesday,1294,1303,1304,0
train,Wednesday,1295,1304,1305,0
train,Wednesday,1296,1305,1306,0
train,Wednesday,1297,1306,1307,0
train,Wednesday,1298,1307,1308,0
train,Wednesday,1299,1308,1309,0
train,Wednesday,1300,1309,1310,0
train,Wednesday,1301,1310,1311,0
train,Wednesday,1302,1311,1312,0
train,Wednesday,1303,1312,1313,0
train,Wednesday,1304,1313,1314,0
train,Wednesday,1305,1314,1315,0
train,Wednesday,1306,1315,1316,0
train,Wednesday,1307,1316,1317,0
train,Wednesday,1308,1317,1318,0
train,Wednesday,1309,1318,1319,0
train,Wednesday,1310,1319,1320,0
train,Wednesday,1311,1320,1321,0
train,Thursday,1485,1494,1495,0
train,Thursday,1486,1495,1496,0
train,Thursday,1487,1496,1497,0
train,Thursday,1488,1497,1498,0
train,Thursday,1489,1498,1499,0
train,Thursday,1490,1499,1500,0
train,Thursday,1491,1500,1501,1
train,Thursday,1492,1501,1502,1
train,Thursday,1493,1502,1503,0
train,Thursday,1494,1503,1504,1
train,Thursday,1495,1504,1505,1
train,Thursday,1496,1505,1506,0
train,Thursday,1497,1506,1507,1
train,Thursday,1498,1507,1508,1
train,Thursday,1499,1508,1509,1
train,Thursday,1500,1509,1510,1
train,Thursday,1501,1510,1511,1
train,Thursday,1502,1511,1512,1
train,Thursday,1503,1512,1513,1
train,Thursday,1504,1513,1514,1
train,Thursday,1505,1514,1515,1
train,Thursday,1506,1515,1516,1
train,Thursday,1507,1516,1517,1
train,Thursday,1508,1517,1518,1
train,Thursday,1509,1518,1519,1
train,Thursday,1510,1519,1520,1
train,Thursday,1511,1520,1521,1
train,Thursday,1512,1521,1522,1
train,Thursday,1513,1522,1523,1
train,Thursday,1514,1523,1524,1
train,Thursday,1515,1524,1525,1
train,Thursday,1516,1525,1526,1
train,Thursday,1517,1526,1527,1
train,Thursday,1518,1527,1528,1
train,Thursday,1519,1528,1529,1
train,Thursday,1520,1529,1530,1
train,Thursday,1521,1530,1531,1
train,Thursday,1522,1531,1532,1
train,Thursday,1523,1532,1533,1
train,Thursday,1524,1533,1534,1
train,Thursday,1525,1534,1535,1
train,Thursday,1526,1535,1536,1
train,Thursday,1527,1536,1537,1
train,Thursday,1528,1537,1538,1
train,Thursday,1529,1538,1539,1
train,Thursday,1530,1539,1540,1
train,Thursday,1531,1540,1541,1
train,Thursday,1532,1541,1542,1
train,Thursday,1533,1542,1543,1
train,Thursday,1534,1543,1544,1
train,Thursday,1535,1544,1545,1
train,Thursday,1536,1545,1546,1
train,Thursday,1537,1546,1547,0
train,Thursday,1538,1547,1548,0
train,Thursday,1539,1548,1549,0
train,Thursday,1540,1549,1550,0
train,Thursday,1541,1550,1551,0
train,Thursday,1542,1551,1552,0
train,Thursday,1543,1552,1553,0
train,Thursday,1544,1553,1554,0
train,Thursday,1545,1554,1555,0
train,Thursday,1546,1555,1556,0
train,Thursday,1547,1556,1557,0
train,Thursday,1548,1557,1558,0
train,Thursday,1549,1558,1559,0
train,Thursday,1550,1559,1560,0
train,Thursday,1551,1560,1561,1
train,Thursday,1552,1561,1562,1
train,Thursday,1553,1562,1563,1
train,Thursday,1554,1563,1564,1
train,Thursday,1555,1564,1565,1
train,Thursday,1556,1565,1566,1
train,Thursday,1557,1566,1567,1
train,Thursday,1558,1567,1568,1
train,Thursday,1559,1568,1569,1
train,Thursday,1560,1569,1570,1
train,Thursday,1561,1570,1571,1
train,Thursday,1562,1571,1572,1
train,Thursday,1563,1572,1573,1
train,Thursday,1564,1573,1574,1
train,Thursday,1565,1574,1575,1
train,Thursday,1566,1575,1576,1
train,Thursday,1567,1576,1577,1
train,Thursday,1568,1577,1578,1
train,Thursday,1569,1578,1579,1
train,Thursday,1570,1579,1580,1
train,Thursday,1571,1580,1581,1
train,Thursday,1572,1581,1582,0
train,Thursday,1573,1582,1583,0
train,Thursday,1574,1583,1584,0
train,Thursday,1575,1584,1585,0
train,Thursday,1576,1585,1586,1
train,Thursday,1577,1586,1587,1
train,Thursday,1578,1587,1588,1
train,Thursday,1579,1588,1589,0
train,Thursday,1580,1589,1590,0
train,Thursday,1581,1590,1591,0
train,Thursday,1582,1591,1592,0
train,Thursday,1583,1592,1593,0
train,Thursday,1584,1593,1594,0
train,Thursday,1585,1594,1595,0
train,Thursday,1586,1595,1596,0
train,Thursday,1587,1596,1597,0
train,Thursday,1588,1597,1598,0
train,Thursday,1589,1598,1599,0
train,Thursday,1590,1599,1600,0
train,Thursday,1591,1600,1601,0
train,Thursday,1592,1601,1602,0
train,Thursday,1593,1602,1603,0
train,Thursday,1594,1603,1604,0
train,Thursday,1595,1604,1605,0
train,Thursday,1596,1605,1606,0
train,Thursday,1597,1606,1607,0
train,Thursday,1598,1607,1608,0
train,Thursday,1599,1608,1609,0
train,Thursday,1600,1609,1610,0
train,Thursday,1601,1610,1611,0
train,Thursday,1602,1611,1612,0
train,Thursday,1603,1612,1613,0
train,Thursday,1604,1613,1614,0
train,Thursday,1605,1614,1615,0
train,Thursday,1606,1615,1616,0
train,Thursday,1607,1616,1617,0
train,Thursday,1608,1617,1618,0
train,Thursday,1609,1618,1619,0
train,Thursday,1610,1619,1620,0
train,Thursday,1611,1620,1621,0
train,Thursday,1612,1621,1622,0
train,Thursday,1613,1622,1623,0
train,Thursday,1614,1623,1624,0
train,Thursday,1615,1624,1625,0
train,Thursday,1616,1625,1626,0
train,Thursday,1617,1626,1627,0
train,Thursday,1618,1627,1628,0
train,Thursday,1619,1628,1629,0
train,Thursday,1620,1629,1630,0
train,Thursday,1621,1630,1631,0
train,Thursday,1622,1631,1632,0
train,Thursday,1623,1632,1633,0
train,Thursday,1624,1633,1634,0
train,Thursday,1625,1634,1635,0
train,Thursday,1626,1635,1636,0
train,Thursday,1627,1636,1637,0
train,Thursday,1628,1637,1638,0
train,Thursday,1629,1638,1639,0
train,Thursday,1630,1639,1640,0
train,Thursday,1631,1640,1641,0
train,Thursday,1632,1641,1642,0
train,Thursday,1633,1642,1643,0
train,Thursday,1634,1643,1644,0
train,Thursday,1635,1644,1645,0
train,Thursday,1636,1645,1646,0
train,Thursday,1637,1646,1647,0
train,Thursday,1638,1647,1648,0
train,Thursday,1639,1648,1649,0
train,Thursday,1640,1649,1650,0
train,Thursday,1641,1650,1651,0
train,Thursday,1642,1651,1652,0
train,Thursday,1643,1652,1653,0
train,Thursday,1644,1653,1654,0
train,Thursday,1645,1654,1655,0
train,Thursday,1646,1655,1656,0
train,Thursday,1647,1656,1657,0
train,Thursday,1648,1657,1658,0
train,Thursday,1649,1658,1659,0
train,Thursday,1650,1659,1660,0
train,Thursday,1651,1660,1661,0
train,Thursday,1652,1661,1662,0
train,Thursday,1653,1662,1663,0
train,Thursday,1654,1663,1664,0
train,Thursday,1655,1664,1665,0
train,Thursday,1656,1665,1666,0
train,Thursday,1657,1666,1667,0
train,Thursday,1658,1667,1668,0
train,Thursday,1659,1668,1669,0
train,Thursday,1660,1669,1670,0
train,Thursday,1661,1670,1671,0
train,Thursday,1662,1671,1672,0
train,Thursday,1663,1672,1673,0
train,Thursday,1664,1673,1674,0
train,Thursday,1665,1674,1675,0
train,Thursday,1666,1675,1676,0
train,Thursday,1667,1676,1677,0
train,Thursday,1668,1677,1678,0
train,Thursday,1669,1678,1679,0
train,Thursday,1670,1679,1680,0
train,Thursday,1671,1680,1681,0
train,Thursday,1672,1681,1682,0
train,Thursday,1673,1682,1683,0
train,Thursday,1674,1683,1684,0
train,Thursday,1675,1684,1685,0
train,Thursday,1676,1685,1686,0
train,Thursday,1677,1686,1687,0
train,Thursday,1678,1687,1688,0
train,Thursday,1679,1688,1689,0
train,Thursday,1680,1689,1690,0
train,Thursday,1681,1690,1691,0
train,Thursday,1682,1691,1692,0
train,Thursday,1683,1692,1693,0
train,Thursday,1684,1693,1694,0
train,Thursday,1685,1694,1695,0
train,Thursday,1686,1695,1696,0
train,Thursday,1687,1696,1697,0
train,Thursday,1688,1697,1698,0
train,Thursday,1689,1698,1699,0
train,Thursday,1690,1699,1700,0
train,Thursday,1691,1700,1701,0
train,Thursday,1692,1701,1702,0
train,Thursday,1693,1702,1703,0
train,Thursday,1694,1703,1704,0
train,Thursday,1695,1704,1705,0
train,Thursday,1696,1705,1706,0
train,Thursday,1697,1706,1707,0
train,Thursday,1698,1707,1708,0
train,Thursday,1699,1708,1709,0
train,Thursday,1700,1709,1710,0
train,Thursday,1701,1710,1711,0
train,Thursday,1702,1711,1712,0
train,Thursday,1703,1712,1713,0
train,Thursday,1704,1713,1714,0
train,Thursday,1705,1714,1715,0
train,Thursday,1706,1715,1716,0
train,Thursday,1707,1716,1717,0
train,Thursday,1708,1717,1718,0
train,Thursday,1709,1718,1719,0
train,Thursday,1710,1719,1720,0
train,Thursday,1711,1720,1721,0
train,Thursday,1712,1721,1722,0
train,Thursday,1713,1722,1723,0
train,Thursday,1714,1723,1724,0
train,Thursday,1715,1724,1725,0
train,Thursday,1716,1725,1726,0
train,Thursday,1717,1726,1727,0
train,Thursday,1718,1727,1728,0
train,Thursday,1719,1728,1729,0
train,Thursday,1720,1729,1730,0
train,Thursday,1721,1730,1731,0
train,Thursday,1722,1731,1732,0
train,Thursday,1723,1732,1733,0
train,Thursday,1724,1733,1734,0
train,Thursday,1725,1734,1735,0
train,Thursday,1726,1735,1736,0
train,Thursday,1727,1736,1737,0
train,Thursday,1728,1737,1738,0
train,Thursday,1729,1738,1739,0
train,Thursday,1730,1739,1740,0
train,Thursday,1731,1740,1741,0
train,Thursday,1732,1741,1742,0
train,Thursday,1733,1742,1743,0
train,Thursday,1734,1743,1744,0
train,Thursday,1735,1744,1745,0
train,Thursday,1736,1745,1746,0
train,Thursday,1737,1746,1747,0
train,Thursday,1738,1747,1748,0
train,Thursday,1739,1748,1749,0
train,Thursday,1740,1749,1750,0
train,Thursday,1741,1750,1751,0
train,Thursday,1742,1751,1752,0
train,Thursday,1743,1752,1753,0
train,Thursday,1744,1753,1754,0
train,Thursday,1745,1754,1755,0
train,Thursday,1746,1755,1756,0
train,Thursday,1747,1756,1757,0
train,Thursday,1748,1757,1758,0
train,Thursday,1749,1758,1759,0
train,Thursday,1750,1759,1760,0
train,Thursday,1751,1760,1761,0
train,Thursday,1752,1761,1762,0
train,Thursday,1753,1762,1763,0
train,Thursday,1754,1763,1764,0
train,Thursday,1755,1764,1765,0
train,Thursday,1756,1765,1766,0
train,Thursday,1757,1766,1767,0
train,Thursday,1758,1767,1768,0
train,Thursday,1759,1768,1769,0
train,Thursday,1760,1769,1770,0
train,Thursday,1761,1770,1771,0
train,Thursday,1762,1771,1772,0
train,Thursday,1763,1772,1773,0
train,Thursday,1764,1773,1774,0
train,Thursday,1765,1774,1775,0
train,Thursday,1766,1775,1776,0
train,Thursday,1767,1776,1777,0
train,Thursday,1768,1777,1778,0
train,Thursday,1769,1778,1779,0
train,Thursday,1770,1779,1780,0
train,Thursday,1771,1780,1781,0
train,Thursday,1772,1781,1782,0
train,Thursday,1773,1782,1783,0
train,Thursday,1774,1783,1784,0
train,Thursday,1775,1784,1785,0
train,Thursday,1776,1785,1786,0
train,Thursday,1777,1786,1787,0
train,Thursday,1778,1787,1788,0
train,Thursday,1779,1788,1789,0
train,Thursday,1780,1789,1790,0
train,Thursday,1781,1790,1791,0
train,Thursday,1782,1791,1792,0
train,Thursday,1783,1792,1793,0
train,Thursday,1784,1793,1794,0
train,Friday,1971,1980,1981,0
train,Friday,1972,1981,1982,0
train,Friday,1973,1982,1983,0
train,Friday,1974,1983,1984,0
train,Friday,1975,1984,1985,0
train,Friday,1976,1985,1986,0
train,Friday,1977,1986,1987,0
train,Friday,1978,1987,1988,0
train,Friday,1979,1988,1989,0
train,Friday,1980,1989,1990,0
train,Friday,1981,1990,1991,0
train,Friday,1982,1991,1992,0
train,Friday,1983,1992,1993,0
train,Friday,1984,1993,1994,0
train,Friday,1985,1994,1995,0
train,Friday,1986,1995,1996,0
train,Friday,1987,1996,1997,0
train,Friday,1988,1997,1998,0
train,Friday,1989,1998,1999,0
train,Friday,1990,1999,2000,0
train,Friday,1991,2000,2001,0
train,Friday,1992,2001,2002,0
train,Friday,1993,2002,2003,0
train,Friday,1994,2003,2004,0
train,Friday,1995,2004,2005,0
train,Friday,1996,2005,2006,1
train,Friday,1997,2006,2007,0
train,Friday,1998,2007,2008,0
train,Friday,1999,2008,2009,0
train,Friday,2000,2009,2010,0
train,Friday,2001,2010,2011,0
train,Friday,2002,2011,2012,0
train,Friday,2003,2012,2013,0
train,Friday,2004,2013,2014,0
train,Friday,2005,2014,2015,0
train,Friday,2006,2015,2016,0
train,Friday,2007,2016,2017,0
train,Friday,2008,2017,2018,0
train,Friday,2009,2018,2019,0
train,Friday,2010,2019,2020,0
train,Friday,2011,2020,2021,0
train,Friday,2012,2021,2022,0
train,Friday,2013,2022,2023,0
train,Friday,2014,2023,2024,0
train,Friday,2015,2024,2025,0
train,Friday,2016,2025,2026,0
train,Friday,2017,2026,2027,0
train,Friday,2018,2027,2028,0
train,Friday,2019,2028,2029,0
train,Friday,2020,2029,2030,0
train,Friday,2021,2030,2031,0
train,Friday,2022,2031,2032,0
train,Friday,2023,2032,2033,0
train,Friday,2024,2033,2034,0
train,Friday,2025,2034,2035,0
train,Friday,2026,2035,2036,1
train,Friday,2027,2036,2037,1
train,Friday,2028,2037,2038,1
train,Friday,2029,2038,2039,1
train,Friday,2030,2039,2040,1
train,Friday,2031,2040,2041,1
train,Friday,2032,2041,2042,1
train,Friday,2033,2042,2043,1
train,Friday,2034,2043,2044,1
train,Friday,2035,2044,2045,1
train,Friday,2036,2045,2046,1
train,Friday,2037,2046,2047,1
train,Friday,2038,2047,2048,1
train,Friday,2039,2048,2049,1
train,Friday,2040,2049,2050,1
train,Friday,2041,2050,2051,1
train,Friday,2042,2051,2052,1
train,Friday,2043,2052,2053,1
train,Friday,2044,2053,2054,1
train,Friday,2045,2054,2055,1
train,Friday,2046,2055,2056,1
train,Friday,2047,2056,2057,1
train,Friday,2048,2057,2058,1
train,Friday,2049,2058,2059,1
train,Friday,2050,2059,2060,1
train,Friday,2051,2060,2061,1
train,Friday,2052,2061,2062,1
train,Friday,2053,2062,2063,1
train,Friday,2054,2063,2064,1
train,Friday,2055,2064,2065,1
train,Friday,2056,2065,2066,1
train,Friday,2057,2066,2067,1
train,Friday,2058,2067,2068,1
train,Friday,2059,2068,2069,1
train,Friday,2060,2069,2070,1
train,Friday,2061,2070,2071,1
train,Friday,2062,2071,2072,1
train,Friday,2063,2072,2073,1
train,Friday,2064,2073,2074,1
train,Friday,2065,2074,2075,1
train,Friday,2066,2075,2076,1
train,Friday,2067,2076,2077,1
train,Friday,2068,2077,2078,1
train,Friday,2069,2078,2079,1
train,Friday,2070,2079,2080,1
train,Friday,2071,2080,2081,1
train,Friday,2072,2081,2082,1
train,Friday,2073,2082,2083,1
train,Friday,2074,2083,2084,1
train,Friday,2075,2084,2085,1
train,Friday,2076,2085,2086,1
train,Friday,2077,2086,2087,1
train,Friday,2078,2087,2088,1
train,Friday,2079,2088,2089,1
train,Friday,2080,2089,2090,1
train,Friday,2081,2090,2091,1
train,Friday,2082,2091,2092,1
train,Friday,2083,2092,2093,1
train,Friday,2084,2093,2094,1
train,Friday,2085,2094,2095,1
train,Friday,2086,2095,2096,1
train,Friday,2087,2096,2097,1
train,Friday,2088,2097,2098,1
train,Friday,2089,2098,2099,1
train,Friday,2090,2099,2100,1
train,Friday,2091,2100,2101,1
train,Friday,2092,2101,2102,1
train,Friday,2093,2102,2103,1
train,Friday,2094,2103,2104,1
train,Friday,2095,2104,2105,1
train,Friday,2096,2105,2106,0
train,Friday,2097,2106,2107,1
train,Friday,2098,2107,2108,1
train,Friday,2099,2108,2109,1
train,Friday,2100,2109,2110,1
train,Friday,2101,2110,2111,0
train,Friday,2102,2111,2112,1
train,Friday,2103,2112,2113,1
train,Friday,2104,2113,2114,1
train,Friday,2105,2114,2115,1
train,Friday,2106,2115,2116,0
train,Friday,2107,2116,2117,1
train,Friday,2108,2117,2118,1
train,Friday,2109,2118,2119,1
train,Friday,2110,2119,2120,1
train,Friday,2111,2120,2121,0
train,Friday,2112,2121,2122,1
train,Friday,2113,2122,2123,1
train,Friday,2114,2123,2124,1
train,Friday,2115,2124,2125,1
train,Friday,2116,2125,2126,1
train,Friday,2117,2126,2127,1
train,Friday,2118,2127,2128,1
train,Friday,2119,2128,2129,1
train,Friday,2120,2129,2130,1
train,Friday,2121,2130,2131,1
train,Friday,2122,2131,2132,1
train,Friday,2123,2132,2133,1
train,Friday,2124,2133,2134,1
train,Friday,2125,2134,2135,1
train,Friday,2126,2135,2136,1
train,Friday,2127,2136,2137,1
train,Friday,2128,2137,2138,0
train,Friday,2129,2138,2139,1
train,Friday,2130,2139,2140,1
train,Friday,2131,2140,2141,1
train,Friday,2132,2141,2142,1
train,Friday,2133,2142,2143,0
train,Friday,2134,2143,2144,1
train,Friday,2135,2144,2145,1
train,Friday,2136,2145,2146,1
train,Friday,2137,2146,2147,1
train,Friday,2138,2147,2148,0
train,Friday,2139,2148,2149,1
train,Friday,2140,2149,2150,1
train,Friday,2141,2150,2151,1
train,Friday,2142,2151,2152,1
train,Friday,2143,2152,2153,0
train,Friday,2144,2153,2154,1
train,Friday,2145,2154,2155,1
train,Friday,2146,2155,2156,1
train,Friday,2147,2156,2157,1
train,Friday,2148,2157,2158,1
train,Friday,2149,2158,2159,1
train,Friday,2150,2159,2160,1
train,Friday,2151,2160,2161,1
train,Friday,2152,2161,2162,1
train,Friday,2153,2162,2163,1
train,Friday,2154,2163,2164,1
train,Friday,2155,2164,2165,1
train,Friday,2156,2165,2166,1
train,Friday,2157,2166,2167,1
train,Friday,2158,2167,2168,1
train,Friday,2159,2168,2169,1
train,Friday,2160,2169,2170,0
train,Friday,2161,2170,2171,1
train,Friday,2162,2171,2172,1
train,Friday,2163,2172,2173,1
train,Friday,2164,2173,2174,1
train,Friday,2165,2174,2175,0
train,Friday,2166,2175,2176,1
train,Friday,2167,2176,2177,1
train,Friday,2168,2177,2178,1
train,Friday,2169,2178,2179,1
train,Friday,2170,2179,2180,0
train,Friday,2171,2180,2181,1
train,Friday,2172,2181,2182,1
train,Friday,2173,2182,2183,1
train,Friday,2174,2183,2184,1
train,Friday,2175,2184,2185,0
train,Friday,2176,2185,2186,1
train,Friday,2177,2186,2187,1
train,Friday,2178,2187,2188,1
train,Friday,2179,2188,2189,1
train,Friday,2180,2189,2190,1
train,Friday,2181,2190,2191,1
train,Friday,2182,2191,2192,1
train,Friday,2183,2192,2193,1
train,Friday,2184,2193,2194,1
train,Friday,2185,2194,2195,1
train,Friday,2186,2195,2196,1
train,Friday,2187,2196,2197,1
train,Friday,2188,2197,2198,1
train,Friday,2189,2198,2199,1
train,Friday,2190,2199,2200,1
train,Friday,2191,2200,2201,1
train,Friday,2192,2201,2202,0
train,Friday,2193,2202,2203,1
train,Friday,2194,2203,2204,1
train,Friday,2195,2204,2205,1
train,Friday,2196,2205,2206,1
train,Friday,2197,2206,2207,0
train,Friday,2198,2207,2208,1
train,Friday,2199,2208,2209,1
train,Friday,2200,2209,2210,1
train,Friday,2201,2210,2211,1
train,Friday,2202,2211,2212,0
train,Friday,2203,2212,2213,0
train,Friday,2204,2213,2214,0
train,Friday,2205,2214,2215,0
train,Friday,2206,2215,2216,0
train,Friday,2207,2216,2217,1
train,Friday,2208,2217,2218,1
train,Friday,2209,2218,2219,0
train,Friday,2210,2219,2220,0
train,Friday,2211,2220,2221,0
train,Friday,2212,2221,2222,0
train,Friday,2213,2222,2223,0
train,Friday,2214,2223,2224,0
train,Friday,2215,2224,2225,0
train,Friday,2216,2225,2226,0
train,Friday,2217,2226,2227,0
train,Friday,2218,2227,2228,0
train,Friday,2219,2228,2229,0
train,Friday,2220,2229,2230,0
train,Friday,2221,2230,2231,0
train,Friday,2222,2231,2232,0
train,Friday,2223,2232,2233,0
train,Friday,2224,2233,2234,0
train,Friday,2225,2234,2235,0
train,Friday,2226,2235,2236,0
train,Friday,2227,2236,2237,0
train,Friday,2228,2237,2238,0
train,Friday,2229,2238,2239,0
train,Friday,2230,2239,2240,0
train,Friday,2231,2240,2241,0
train,Friday,2232,2241,2242,0
train,Friday,2233,2242,2243,0
train,Friday,2234,2243,2244,0
train,Friday,2235,2244,2245,0
train,Friday,2236,2245,2246,0
train,Friday,2237,2246,2247,0
train,Friday,2238,2247,2248,0
train,Friday,2239,2248,2249,0
train,Friday,2240,2249,2250,0
train,Friday,2241,2250,2251,0
train,Friday,2242,2251,2252,0
train,Friday,2243,2252,2253,0
validation,Monday,352,361,362,0
validation,Monday,353,362,363,0
validation,Monday,354,363,364,0
validation,Monday,355,364,365,0
validation,Monday,356,365,366,0
validation,Monday,357,366,367,0
validation,Monday,358,367,368,0
validation,Monday,359,368,369,0
validation,Monday,360,369,370,0
validation,Monday,361,370,371,0
validation,Monday,362,371,372,0
validation,Monday,363,372,373,0
validation,Monday,364,373,374,0
validation,Monday,365,374,375,0
validation,Monday,366,375,376,0
validation,Monday,367,376,377,0
validation,Monday,368,377,378,0
validation,Monday,369,378,379,0
validation,Monday,370,379,380,0
validation,Monday,371,380,381,0
validation,Monday,372,381,382,0
validation,Monday,373,382,383,0
validation,Monday,374,383,384,0
validation,Monday,375,384,385,0
validation,Monday,376,385,386,0
validation,Monday,377,386,387,0
validation,Monday,378,387,388,0
validation,Monday,379,388,389,0
validation,Monday,380,389,390,0
validation,Monday,381,390,391,0
validation,Monday,382,391,392,0
validation,Monday,383,392,393,0
validation,Monday,384,393,394,0
validation,Monday,385,394,395,0
validation,Monday,386,395,396,0
validation,Monday,387,396,397,0
validation,Monday,388,397,398,0
validation,Monday,389,398,399,0
validation,Monday,390,399,400,0
validation,Monday,391,400,401,0
validation,Monday,392,401,402,0
validation,Monday,393,402,403,0
validation,Monday,394,403,404,0
validation,Monday,395,404,405,0
validation,Monday,396,405,406,0
validation,Monday,397,406,407,0
validation,Monday,398,407,408,0
validation,Monday,399,408,409,0
validation,Monday,400,409,410,0
validation,Monday,401,410,411,0
validation,Monday,402,411,412,0
validation,Monday,403,412,413,0
validation,Monday,404,413,414,0
validation,Tuesday,804,813,814,1
validation,Tuesday,805,814,815,1
validation,Tuesday,806,815,816,1
validation,Tuesday,807,816,817,1
validation,Tuesday,808,817,818,1
validation,Tuesday,809,818,819,1
validation,Tuesday,810,819,820,1
validation,Tuesday,811,820,821,1
validation,Tuesday,812,821,822,1
validation,Tuesday,813,822,823,1
validation,Tuesday,814,823,824,1
validation,Tuesday,815,824,825,1
validation,Tuesday,816,825,826,1
validation,Tuesday,817,826,827,1
validation,Tuesday,818,827,828,1
validation,Tuesday,819,828,829,1
validation,Tuesday,820,829,830,1
validation,Tuesday,821,830,831,1
validation,Tuesday,822,831,832,1
validation,Tuesday,823,832,833,1
validation,Tuesday,824,833,834,1
validation,Tuesday,825,834,835,1
validation,Tuesday,826,835,836,1
validation,Tuesday,827,836,837,1
validation,Tuesday,828,837,838,1
validation,Tuesday,829,838,839,1
validation,Tuesday,830,839,840,1
validation,Tuesday,831,840,841,1
validation,Tuesday,832,841,842,1
validation,Tuesday,833,842,843,1
validation,Tuesday,834,843,844,1
validation,Tuesday,835,844,845,1
validation,Tuesday,836,845,846,1
validation,Tuesday,837,846,847,1
validation,Tuesday,838,847,848,1
validation,Tuesday,839,848,849,1
validation,Tuesday,840,849,850,1
validation,Tuesday,841,850,851,1
validation,Tuesday,842,851,852,1
validation,Tuesday,843,852,853,1
validation,Tuesday,844,853,854,1
validation,Tuesday,845,854,855,1
validation,Tuesday,846,855,856,1
validation,Tuesday,847,856,857,1
validation,Tuesday,848,857,858,1
validation,Tuesday,849,858,859,1
validation,Tuesday,850,859,860,1
validation,Tuesday,851,860,861,1
validation,Tuesday,852,861,862,1
validation,Tuesday,853,862,863,1
validation,Tuesday,854,863,864,1
validation,Tuesday,855,864,865,1
validation,Tuesday,856,865,866,1
validation,Tuesday,857,866,867,0
validation,Tuesday,858,867,868,0
validation,Tuesday,859,868,869,0
validation,Tuesday,860,869,870,0
validation,Tuesday,861,870,871,0
validation,Tuesday,862,871,872,0
validation,Tuesday,863,872,873,0
validation,Tuesday,864,873,874,0
validation,Tuesday,865,874,875,0
validation,Tuesday,866,875,876,0
validation,Tuesday,867,876,877,0
validation,Tuesday,868,877,878,0
validation,Tuesday,869,878,879,0
validation,Tuesday,870,879,880,0
validation,Tuesday,871,880,881,0
validation,Tuesday,872,881,882,0
validation,Tuesday,873,882,883,0
validation,Tuesday,874,883,884,0
validation,Tuesday,875,884,885,0
validation,Tuesday,876,885,886,0
validation,Tuesday,877,886,887,0
validation,Tuesday,878,887,888,0
validation,Tuesday,879,888,889,0
validation,Tuesday,880,889,890,0
validation,Tuesday,881,890,891,0
validation,Tuesday,882,891,892,0
validation,Tuesday,883,892,893,0
validation,Tuesday,884,893,894,0
validation,Tuesday,885,894,895,0
validation,Tuesday,886,895,896,0
validation,Tuesday,887,896,897,0
validation,Tuesday,888,897,898,0
validation,Tuesday,889,898,899,0
validation,Tuesday,890,899,900,0
validation,Tuesday,891,900,901,0
validation,Tuesday,892,901,902,0
validation,Tuesday,893,902,903,0
validation,Tuesday,894,903,904,0
validation,Tuesday,895,904,905,0
validation,Tuesday,896,905,906,0
validation,Tuesday,897,906,907,0
validation,Wednesday,1332,1341,1342,0
validation,Wednesday,1333,1342,1343,0
validation,Wednesday,1334,1343,1344,0
validation,Wednesday,1335,1344,1345,0
validation,Wednesday,1336,1345,1346,0
validation,Wednesday,1337,1346,1347,0
validation,Wednesday,1338,1347,1348,0
validation,Wednesday,1339,1348,1349,0
validation,Wednesday,1340,1349,1350,0
validation,Wednesday,1341,1350,1351,0
validation,Wednesday,1342,1351,1352,0
validation,Wednesday,1343,1352,1353,0
validation,Wednesday,1344,1353,1354,0
validation,Wednesday,1345,1354,1355,0
validation,Wednesday,1346,1355,1356,0
validation,Wednesday,1347,1356,1357,0
validation,Wednesday,1348,1357,1358,0
validation,Wednesday,1349,1358,1359,0
validation,Wednesday,1350,1359,1360,0
validation,Wednesday,1351,1360,1361,0
validation,Wednesday,1352,1361,1362,0
validation,Wednesday,1353,1362,1363,0
validation,Wednesday,1354,1363,1364,0
validation,Wednesday,1355,1364,1365,0
validation,Wednesday,1356,1365,1366,1
validation,Wednesday,1357,1366,1367,0
validation,Wednesday,1358,1367,1368,1
validation,Wednesday,1359,1368,1369,0
validation,Wednesday,1360,1369,1370,1
validation,Wednesday,1361,1370,1371,0
validation,Wednesday,1362,1371,1372,1
validation,Wednesday,1363,1372,1373,0
validation,Wednesday,1364,1373,1374,1
validation,Wednesday,1365,1374,1375,0
validation,Wednesday,1366,1375,1376,1
validation,Wednesday,1367,1376,1377,0
validation,Wednesday,1368,1377,1378,1
validation,Wednesday,1369,1378,1379,0
validation,Wednesday,1370,1379,1380,1
validation,Wednesday,1371,1380,1381,0
validation,Wednesday,1372,1381,1382,1
validation,Wednesday,1373,1382,1383,0
validation,Wednesday,1374,1383,1384,1
validation,Wednesday,1375,1384,1385,0
validation,Wednesday,1376,1385,1386,1
validation,Wednesday,1377,1386,1387,0
validation,Wednesday,1378,1387,1388,0
validation,Wednesday,1379,1388,1389,0
validation,Wednesday,1380,1389,1390,0
validation,Wednesday,1381,1390,1391,0
validation,Wednesday,1382,1391,1392,0
validation,Wednesday,1383,1392,1393,0
validation,Wednesday,1384,1393,1394,0
validation,Wednesday,1385,1394,1395,0
validation,Wednesday,1386,1395,1396,0
validation,Thursday,1805,1814,1815,0
validation,Thursday,1806,1815,1816,1
validation,Thursday,1807,1816,1817,0
validation,Thursday,1808,1817,1818,1
validation,Thursday,1809,1818,1819,0
validation,Thursday,1810,1819,1820,1
validation,Thursday,1811,1820,1821,0
validation,Thursday,1812,1821,1822,1
validation,Thursday,1813,1822,1823,0
validation,Thursday,1814,1823,1824,1
validation,Thursday,1815,1824,1825,1
validation,Thursday,1816,1825,1826,1
validation,Thursday,1817,1826,1827,0
validation,Thursday,1818,1827,1828,1
validation,Thursday,1819,1828,1829,0
validation,Thursday,1820,1829,1830,0
validation,Thursday,1821,1830,1831,0
validation,Thursday,1822,1831,1832,0
validation,Thursday,1823,1832,1833,0
validation,Thursday,1824,1833,1834,0
validation,Thursday,1825,1834,1835,0
validation,Thursday,1826,1835,1836,0
validation,Thursday,1827,1836,1837,0
validation,Thursday,1828,1837,1838,0
validation,Thursday,1829,1838,1839,0
validation,Thursday,1830,1839,1840,0
validation,Thursday,1831,1840,1841,0
validation,Thursday,1832,1841,1842,0
validation,Thursday,1833,1842,1843,0
validation,Thursday,1834,1843,1844,0
validation,Thursday,1835,1844,1845,0
validation,Thursday,1836,1845,1846,0
validation,Thursday,1837,1846,1847,0
validation,Thursday,1838,1847,1848,0
validation,Thursday,1839,1848,1849,0
validation,Thursday,1840,1849,1850,1
validation,Thursday,1841,1850,1851,0
validation,Thursday,1842,1851,1852,0
validation,Thursday,1843,1852,1853,1
validation,Thursday,1844,1853,1854,0
validation,Thursday,1845,1854,1855,1
validation,Thursday,1846,1855,1856,0
validation,Thursday,1847,1856,1857,0
validation,Thursday,1848,1857,1858,1
validation,Thursday,1849,1858,1859,0
validation,Thursday,1850,1859,1860,1
validation,Thursday,1851,1860,1861,0
validation,Thursday,1852,1861,1862,1
validation,Thursday,1853,1862,1863,0
validation,Thursday,1854,1863,1864,0
validation,Thursday,1855,1864,1865,1
validation,Thursday,1856,1865,1866,0
validation,Thursday,1857,1866,1867,1
validation,Thursday,1858,1867,1868,0
validation,Thursday,1859,1868,1869,1
validation,Thursday,1860,1869,1870,0
validation,Thursday,1861,1870,1871,0
validation,Thursday,1862,1871,1872,1
validation,Thursday,1863,1872,1873,0
validation,Thursday,1864,1873,1874,1
validation,Thursday,1865,1874,1875,0
validation,Thursday,1866,1875,1876,0
validation,Thursday,1867,1876,1877,1
validation,Thursday,1868,1877,1878,0
validation,Thursday,1869,1878,1879,1
validation,Thursday,1870,1879,1880,0
validation,Thursday,1871,1880,1881,0
validation,Thursday,1872,1881,1882,1
validation,Thursday,1873,1882,1883,0
validation,Thursday,1874,1883,1884,0
validation,Thursday,1875,1884,1885,1
validation,Thursday,1876,1885,1886,0
validation,Thursday,1877,1886,1887,1
validation,Thursday,1878,1887,1888,0
validation,Thursday,1879,1888,1889,0
validation,Thursday,1880,1889,1890,1
validation,Thursday,1881,1890,1891,0
validation,Thursday,1882,1891,1892,0
validation,Thursday,1883,1892,1893,0
validation,Thursday,1884,1893,1894,0
validation,Thursday,1885,1894,1895,0
validation,Thursday,1886,1895,1896,0
validation,Thursday,1887,1896,1897,0
validation,Thursday,1888,1897,1898,0
validation,Thursday,1889,1898,1899,0
validation,Thursday,1890,1899,1900,0
validation,Friday,2264,2273,2274,0
validation,Friday,2265,2274,2275,0
validation,Friday,2266,2275,2276,0
validation,Friday,2267,2276,2277,0
validation,Friday,2268,2277,2278,0
validation,Friday,2269,2278,2279,0
validation,Friday,2270,2279,2280,0
validation,Friday,2271,2280,2281,0
validation,Friday,2272,2281,2282,0
validation,Friday,2273,2282,2283,0
validation,Friday,2274,2283,2284,0
validation,Friday,2275,2284,2285,0
validation,Friday,2276,2285,2286,1
validation,Friday,2277,2286,2287,1
validation,Friday,2278,2287,2288,1
validation,Friday,2279,2288,2289,0
validation,Friday,2280,2289,2290,0
validation,Friday,2281,2290,2291,0
validation,Friday,2282,2291,2292,0
validation,Friday,2283,2292,2293,0
validation,Friday,2284,2293,2294,0
validation,Friday,2285,2294,2295,0
validation,Friday,2286,2295,2296,0
validation,Friday,2287,2296,2297,0
validation,Friday,2288,2297,2298,0
validation,Friday,2289,2298,2299,0
validation,Friday,2290,2299,2300,0
validation,Friday,2291,2300,2301,0
validation,Friday,2292,2301,2302,0
validation,Friday,2293,2302,2303,0
validation,Friday,2294,2303,2304,0
validation,Friday,2295,2304,2305,0
validation,Friday,2296,2305,2306,0
validation,Friday,2297,2306,2307,0
validation,Friday,2298,2307,2308,0
validation,Friday,2299,2308,2309,0
validation,Friday,2300,2309,2310,0
validation,Friday,2301,2310,2311,0
validation,Friday,2302,2311,2312,0
validation,Friday,2303,2312,2313,0
validation,Friday,2304,2313,2314,0
validation,Friday,2305,2314,2315,0
validation,Friday,2306,2315,2316,0
validation,Friday,2307,2316,2317,0
validation,Friday,2308,2317,2318,0
validation,Friday,2309,2318,2319,0
validation,Friday,2310,2319,2320,0
validation,Friday,2311,2320,2321,0
validation,Friday,2312,2321,2322,0
validation,Friday,2313,2322,2323,1
validation,Friday,2314,2323,2324,1
validation,Friday,2315,2324,2325,1
validation,Friday,2316,2325,2326,1
validation,Friday,2317,2326,2327,1
validation,Friday,2318,2327,2328,1
validation,Friday,2319,2328,2329,0
validation,Friday,2320,2329,2330,0
validation,Friday,2321,2330,2331,0
validation,Friday,2322,2331,2332,0
validation,Friday,2323,2332,2333,0
validation,Friday,2324,2333,2334,0
validation,Friday,2325,2334,2335,1
validation,Friday,2326,2335,2336,0
validation,Friday,2327,2336,2337,0
validation,Friday,2328,2337,2338,0
validation,Friday,2329,2338,2339,0
validation,Friday,2330,2339,2340,1
validation,Friday,2331,2340,2341,1
validation,Friday,2332,2341,2342,1
validation,Friday,2333,2342,2343,0
validation,Friday,2334,2343,2344,1
validation,Friday,2335,2344,2345,1
validation,Friday,2336,2345,2346,0
validation,Friday,2337,2346,2347,0
validation,Friday,2338,2347,2348,0
validation,Friday,2339,2348,2349,0
validation,Friday,2340,2349,2350,0
validation,Friday,2341,2350,2351,0
validation,Friday,2342,2351,2352,0
validation,Friday,2343,2352,2353,1
validation,Friday,2344,2353,2354,1
validation,Friday,2345,2354,2355,1
validation,Friday,2346,2355,2356,0
validation,Friday,2347,2356,2357,0
validation,Friday,2348,2357,2358,0
validation,Friday,2349,2358,2359,0
validation,Friday,2350,2359,2360,0
validation,Friday,2351,2360,2361,0
validation,Friday,2352,2361,2362,0
validation,Friday,2353,2362,2363,0
validation,Friday,2354,2363,2364,0
validation,Friday,2355,2364,2365,0
validation,Friday,2356,2365,2366,0
validation,Friday,2357,2366,2367,0
test,Monday,425,434,435,0
test,Monday,426,435,436,0
test,Monday,427,436,437,0
test,Monday,428,437,438,0
test,Monday,429,438,439,0
test,Monday,430,439,440,0
test,Monday,431,440,441,0
test,Monday,432,441,442,0
test,Monday,433,442,443,0
test,Monday,434,443,444,0
test,Monday,435,444,445,0
test,Monday,436,445,446,0
test,Monday,437,446,447,0
test,Monday,438,447,448,0
test,Monday,439,448,449,0
test,Monday,440,449,450,0
test,Monday,441,450,451,0
test,Monday,442,451,452,0
test,Monday,443,452,453,0
test,Monday,444,453,454,0
test,Monday,445,454,455,0
test,Monday,446,455,456,0
test,Monday,447,456,457,0
test,Monday,448,457,458,0
test,Monday,449,458,459,0
test,Monday,450,459,460,0
test,Monday,451,460,461,0
test,Monday,452,461,462,0
test,Monday,453,462,463,0
test,Monday,454,463,464,0
test,Monday,455,464,465,0
test,Monday,456,465,466,0
test,Monday,457,466,467,0
test,Monday,458,467,468,0
test,Monday,459,468,469,0
test,Monday,460,469,470,0
test,Monday,461,470,471,0
test,Monday,462,471,472,0
test,Monday,463,472,473,0
test,Monday,464,473,474,0
test,Monday,465,474,475,0
test,Monday,466,475,476,0
test,Monday,467,476,477,0
test,Monday,468,477,478,0
test,Monday,469,478,479,0
test,Monday,470,479,480,0
test,Monday,471,480,481,0
test,Monday,472,481,482,0
test,Monday,473,482,483,0
test,Monday,474,483,484,0
test,Monday,475,484,485,0
test,Monday,476,485,486,0
test,Monday,477,486,487,0
test,Tuesday,918,927,928,0
test,Tuesday,919,928,929,0
test,Tuesday,920,929,930,0
test,Tuesday,921,930,931,0
test,Tuesday,922,931,932,0
test,Tuesday,923,932,933,0
test,Tuesday,924,933,934,0
test,Tuesday,925,934,935,0
test,Tuesday,926,935,936,0
test,Tuesday,927,936,937,0
test,Tuesday,928,937,938,0
test,Tuesday,929,938,939,0
test,Tuesday,930,939,940,0
test,Tuesday,931,940,941,0
test,Tuesday,932,941,942,0
test,Tuesday,933,942,943,0
test,Tuesday,934,943,944,0
test,Tuesday,935,944,945,0
test,Tuesday,936,945,946,0
test,Tuesday,937,946,947,0
test,Tuesday,938,947,948,0
test,Tuesday,939,948,949,0
test,Tuesday,940,949,950,0
test,Tuesday,941,950,951,0
test,Tuesday,942,951,952,0
test,Tuesday,943,952,953,0
test,Tuesday,944,953,954,0
test,Tuesday,945,954,955,0
test,Tuesday,946,955,956,0
test,Tuesday,947,956,957,0
test,Tuesday,948,957,958,0
test,Tuesday,949,958,959,0
test,Tuesday,950,959,960,0
test,Tuesday,951,960,961,0
test,Tuesday,952,961,962,0
test,Tuesday,953,962,963,0
test,Tuesday,954,963,964,0
test,Tuesday,955,964,965,0
test,Tuesday,956,965,966,0
test,Tuesday,957,966,967,0
test,Tuesday,958,967,968,0
test,Tuesday,959,968,969,0
test,Tuesday,960,969,970,0
test,Tuesday,961,970,971,0
test,Tuesday,962,971,972,0
test,Tuesday,963,972,973,0
test,Tuesday,964,973,974,0
test,Tuesday,965,974,975,0
test,Wednesday,1407,1416,1417,0
test,Wednesday,1408,1417,1418,0
test,Wednesday,1409,1418,1419,0
test,Wednesday,1410,1419,1420,0
test,Wednesday,1411,1420,1421,0
test,Wednesday,1412,1421,1422,0
test,Wednesday,1413,1422,1423,0
test,Wednesday,1414,1423,1424,0
test,Wednesday,1415,1424,1425,0
test,Wednesday,1416,1425,1426,0
test,Wednesday,1417,1426,1427,0
test,Wednesday,1418,1427,1428,0
test,Wednesday,1419,1428,1429,0
test,Wednesday,1420,1429,1430,0
test,Wednesday,1421,1430,1431,0
test,Wednesday,1422,1431,1432,0
test,Wednesday,1423,1432,1433,0
test,Wednesday,1424,1433,1434,0
test,Wednesday,1425,1434,1435,0
test,Wednesday,1426,1435,1436,0
test,Wednesday,1427,1436,1437,0
test,Wednesday,1428,1437,1438,0
test,Wednesday,1429,1438,1439,0
test,Wednesday,1430,1439,1440,0
test,Wednesday,1431,1440,1441,0
test,Wednesday,1432,1441,1442,0
test,Wednesday,1433,1442,1443,0
test,Wednesday,1434,1443,1444,0
test,Wednesday,1435,1444,1445,0
test,Wednesday,1436,1445,1446,0
test,Wednesday,1437,1446,1447,0
test,Wednesday,1438,1447,1448,0
test,Wednesday,1439,1448,1449,0
test,Wednesday,1440,1449,1450,0
test,Wednesday,1441,1450,1451,0
test,Wednesday,1442,1451,1452,0
test,Wednesday,1443,1452,1453,0
test,Wednesday,1444,1453,1454,0
test,Wednesday,1445,1454,1455,0
test,Wednesday,1446,1455,1456,0
test,Wednesday,1447,1456,1457,0
test,Wednesday,1448,1457,1458,0
test,Wednesday,1449,1458,1459,0
test,Wednesday,1450,1459,1460,0
test,Wednesday,1451,1460,1461,0
test,Wednesday,1452,1461,1462,0
test,Wednesday,1453,1462,1463,0
test,Wednesday,1454,1463,1464,0
test,Wednesday,1455,1464,1465,0
test,Wednesday,1456,1465,1466,0
test,Wednesday,1457,1466,1467,0
test,Wednesday,1458,1467,1468,0
test,Wednesday,1459,1468,1469,0
test,Wednesday,1460,1469,1470,0
test,Wednesday,1461,1470,1471,0
test,Wednesday,1462,1471,1472,0
test,Wednesday,1463,1472,1473,0
test,Wednesday,1464,1473,1474,0
test,Wednesday,1465,1474,1475,0
test,Wednesday,1466,1475,1476,0
test,Wednesday,1467,1476,1477,0
test,Wednesday,1468,1477,1478,0
test,Wednesday,1469,1478,1479,0
test,Wednesday,1470,1479,1480,0
test,Wednesday,1471,1480,1481,0
test,Wednesday,1472,1481,1482,0
test,Wednesday,1473,1482,1483,0
test,Wednesday,1474,1483,1484,0
test,Thursday,1911,1920,1921,0
test,Thursday,1912,1921,1922,0
test,Thursday,1913,1922,1923,0
test,Thursday,1914,1923,1924,0
test,Thursday,1915,1924,1925,0
test,Thursday,1916,1925,1926,0
test,Thursday,1917,1926,1927,0
test,Thursday,1918,1927,1928,0
test,Thursday,1919,1928,1929,0
test,Thursday,1920,1929,1930,0
test,Thursday,1921,1930,1931,0
test,Thursday,1922,1931,1932,0
test,Thursday,1923,1932,1933,0
test,Thursday,1924,1933,1934,0
test,Thursday,1925,1934,1935,0
test,Thursday,1926,1935,1936,0
test,Thursday,1927,1936,1937,0
test,Thursday,1928,1937,1938,0
test,Thursday,1929,1938,1939,0
test,Thursday,1930,1939,1940,0
test,Thursday,1931,1940,1941,0
test,Thursday,1932,1941,1942,0
test,Thursday,1933,1942,1943,0
test,Thursday,1934,1943,1944,0
test,Thursday,1935,1944,1945,0
test,Thursday,1936,1945,1946,0
test,Thursday,1937,1946,1947,0
test,Thursday,1938,1947,1948,0
test,Thursday,1939,1948,1949,0
test,Thursday,1940,1949,1950,0
test,Thursday,1941,1950,1951,0
test,Thursday,1942,1951,1952,0
test,Thursday,1943,1952,1953,0
test,Thursday,1944,1953,1954,0
test,Thursday,1945,1954,1955,0
test,Thursday,1946,1955,1956,0
test,Thursday,1947,1956,1957,0
test,Thursday,1948,1957,1958,0
test,Thursday,1949,1958,1959,0
test,Thursday,1950,1959,1960,0
test,Thursday,1951,1960,1961,0
test,Thursday,1952,1961,1962,0
test,Thursday,1953,1962,1963,0
test,Thursday,1954,1963,1964,0
test,Thursday,1955,1964,1965,0
test,Thursday,1956,1965,1966,0
test,Thursday,1957,1966,1967,0
test,Thursday,1958,1967,1968,0
test,Thursday,1959,1968,1969,0
test,Thursday,1960,1969,1970,0
test,Friday,2378,2387,2388,1
test,Friday,2379,2388,2389,1
test,Friday,2380,2389,2390,1
test,Friday,2381,2390,2391,1
test,Friday,2382,2391,2392,1
test,Friday,2383,2392,2393,1
test,Friday,2384,2393,2394,1
test,Friday,2385,2394,2395,1
test,Friday,2386,2395,2396,1
test,Friday,2387,2396,2397,1
test,Friday,2388,2397,2398,1
test,Friday,2389,2398,2399,1
test,Friday,2390,2399,2400,1
test,Friday,2391,2400,2401,1
test,Friday,2392,2401,2402,1
test,Friday,2393,2402,2403,1
test,Friday,2394,2403,2404,1
test,Friday,2395,2404,2405,1
test,Friday,2396,2405,2406,1
test,Friday,2397,2406,2407,1
test,Friday,2398,2407,2408,1
test,Friday,2399,2408,2409,0
test,Friday,2400,2409,2410,0
test,Friday,2401,2410,2411,0
test,Friday,2402,2411,2412,0
test,Friday,2403,2412,2413,0
test,Friday,2404,2413,2414,0
test,Friday,2405,2414,2415,0
test,Friday,2406,2415,2416,0
test,Friday,2407,2416,2417,0
test,Friday,2408,2417,2418,0
test,Friday,2409,2418,2419,0
test,Friday,2410,2419,2420,0
test,Friday,2411,2420,2421,0
test,Friday,2412,2421,2422,0
test,Friday,2413,2422,2423,0
test,Friday,2414,2423,2424,0
test,Friday,2415,2424,2425,0
test,Friday,2416,2425,2426,0
test,Friday,2417,2426,2427,0
test,Friday,2418,2427,2428,0
test,Friday,2419,2428,2429,0
test,Friday,2420,2429,2430,0
test,Friday,2421,2430,2431,0
test,Friday,2422,2431,2432,0
test,Friday,2423,2432,2433,0
test,Friday,2424,2433,2434,0
test,Friday,2425,2434,2435,0
test,Friday,2426,2435,2436,0
test,Friday,2427,2436,2437,0
test,Friday,2428,2437,2438,0
test,Friday,2429,2438,2439,0
test,Friday,2430,2439,2440,0
test,Friday,2431,2440,2441,0
test,Friday,2432,2441,2442,0
test,Friday,2433,2442,2443,0
test,Friday,2434,2443,2444,0
test,Friday,2435,2444,2445,0
test,Friday,2436,2445,2446,0
test,Friday,2437,2446,2447,0
test,Friday,2438,2447,2448,0
test,Friday,2439,2448,2449,0
test,Friday,2440,2449,2450,0
test,Friday,2441,2450,2451,0
test,Friday,2442,2451,2452,0
test,Friday,2443,2452,2453,0
test,Friday,2444,2453,2454,0
